id;remote_id;signature_image;signature_image_content_type;width;heigth;user_name
1;1996;../fake-data/blob/hipster.png;image/png;6779;17448;program Intelligent
2;93391;../fake-data/blob/hipster.png;image/png;62147;28864;Unbranded leading-edge deposit
3;21078;../fake-data/blob/hipster.png;image/png;39626;83336;Pizza
4;95977;../fake-data/blob/hipster.png;image/png;26365;79020;hacking
5;84744;../fake-data/blob/hipster.png;image/png;31848;61851;Turkmenistan
6;82721;../fake-data/blob/hipster.png;image/png;89976;5498;programming
7;69090;../fake-data/blob/hipster.png;image/png;83782;91560;optimize
8;23411;../fake-data/blob/hipster.png;image/png;58950;26944;Coordinator
9;95996;../fake-data/blob/hipster.png;image/png;71127;1793;Synergistic Vietnam Garden
10;10716;../fake-data/blob/hipster.png;image/png;15097;63769;Sleek
